Year,Num_Record,TotalCatch,CatchJan_Apr,CatchMay_Aug,CatchSep_Dec,Gillnet,Seine,Trawl,SOK,Section,Name,Latitude,Longitude
1950,0,0,0,0,0,0,0,0,0,1,Tasu Sound & Gowgaia Bay,52.406,-131.52
1951,0,0,0,0,0,0,0,0,0,1,Tasu Sound & Gowgaia Bay,52.406,-131.52
1952,0,0,0,0,0,0,0,0,0,1,Tasu Sound & Gowgaia Bay,52.406,-131.52
1953,0,0,0,0,0,0,0,0,0,1,Tasu Sound & Gowgaia Bay,52.406,-131.52
1954,0,0,0,0,0,0,0,0,0,1,Tasu Sound & Gowgaia Bay,52.406,-131.52
1955,0,0,0,0,0,0,0,0,0,1,Tasu Sound & Gowgaia Bay,52.406,-131.52
1956,0,0,0,0,0,0,0,0,0,1,Tasu Sound & Gowgaia Bay,52.406,-131.52
1957,0,0,0,0,0,0,0,0,0,1,Tasu Sound & Gowgaia Bay,52.406,-131.52
1958,0,0,0,0,0,0,0,0,0,1,Tasu Sound & Gowgaia Bay,52.406,-131.52
1959,0,0,0,0,0,0,0,0,0,1,Tasu Sound & Gowgaia Bay,52.406,-131.52
1960,0,0,0,0,0,0,0,0,0,1,Tasu Sound & Gowgaia Bay,52.406,-131.52
1961,0,0,0,0,0,0,0,0,0,1,Tasu Sound & Gowgaia Bay,52.406,-131.52
1962,0,0,0,0,0,0,0,0,0,1,Tasu Sound & Gowgaia Bay,52.406,-131.52
1963,0,0,0,0,0,0,0,0,0,1,Tasu Sound & Gowgaia Bay,52.406,-131.52
1964,4,312,312,0,0,0,312,0,0,1,Tasu Sound & Gowgaia Bay,52.406,-131.52
1965,2,285,285,0,0,0,285,0,0,1,Tasu Sound & Gowgaia Bay,52.406,-131.52
1966,0,0,0,0,0,0,0,0,0,1,Tasu Sound & Gowgaia Bay,52.406,-131.52
1967,0,0,0,0,0,0,0,0,0,1,Tasu Sound & Gowgaia Bay,52.406,-131.52
1968,0,0,0,0,0,0,0,0,0,1,Tasu Sound & Gowgaia Bay,52.406,-131.52
1969,0,0,0,0,0,0,0,0,0,1,Tasu Sound & Gowgaia Bay,52.406,-131.52
1970,0,0,0,0,0,0,0,0,0,1,Tasu Sound & Gowgaia Bay,52.406,-131.52
1971,0,0,0,0,0,0,0,0,0,1,Tasu Sound & Gowgaia Bay,52.406,-131.52
1972,0,0,0,0,0,0,0,0,0,1,Tasu Sound & Gowgaia Bay,52.406,-131.52
1973,0,0,0,0,0,0,0,0,0,1,Tasu Sound & Gowgaia Bay,52.406,-131.52
1974,0,0,0,0,0,0,0,0,0,1,Tasu Sound & Gowgaia Bay,52.406,-131.52
1975,0,0,0,0,0,0,0,0,0,1,Tasu Sound & Gowgaia Bay,52.406,-131.52
1976,0,0,0,0,0,0,0,0,0,1,Tasu Sound & Gowgaia Bay,52.406,-131.52
1977,0,0,0,0,0,0,0,0,0,1,Tasu Sound & Gowgaia Bay,52.406,-131.52
1978,0,0,0,0,0,0,0,0,0,1,Tasu Sound & Gowgaia Bay,52.406,-131.52
1979,0,0,0,0,0,0,0,0,0,1,Tasu Sound & Gowgaia Bay,52.406,-131.52
1980,0,0,0,0,0,0,0,0,0,1,Tasu Sound & Gowgaia Bay,52.406,-131.52
1981,0,0,0,0,0,0,0,0,0,1,Tasu Sound & Gowgaia Bay,52.406,-131.52
1982,0,0,0,0,0,0,0,0,0,1,Tasu Sound & Gowgaia Bay,52.406,-131.52
1983,0,0,0,0,0,0,0,0,0,1,Tasu Sound & Gowgaia Bay,52.406,-131.52
1984,0,0,0,0,0,0,0,0,0,1,Tasu Sound & Gowgaia Bay,52.406,-131.52
1985,0,0,0,0,0,0,0,0,0,1,Tasu Sound & Gowgaia Bay,52.406,-131.52
1986,0,0,0,0,0,0,0,0,0,1,Tasu Sound & Gowgaia Bay,52.406,-131.52
1987,0,0,0,0,0,0,0,0,0,1,Tasu Sound & Gowgaia Bay,52.406,-131.52
1988,0,0,0,0,0,0,0,0,0,1,Tasu Sound & Gowgaia Bay,52.406,-131.52
1989,0,0,0,0,0,0,0,0,0,1,Tasu Sound & Gowgaia Bay,52.406,-131.52
1990,0,0,0,0,0,0,0,0,0,1,Tasu Sound & Gowgaia Bay,52.406,-131.52
1991,0,0,0,0,0,0,0,0,0,1,Tasu Sound & Gowgaia Bay,52.406,-131.52
1992,0,0,0,0,0,0,0,0,0,1,Tasu Sound & Gowgaia Bay,52.406,-131.52
1993,0,0,0,0,0,0,0,0,0,1,Tasu Sound & Gowgaia Bay,52.406,-131.52
1994,0,0,0,0,0,0,0,0,0,1,Tasu Sound & Gowgaia Bay,52.406,-131.52
1995,0,0,0,0,0,0,0,0,0,1,Tasu Sound & Gowgaia Bay,52.406,-131.52
1996,0,0,0,0,0,0,0,0,0,1,Tasu Sound & Gowgaia Bay,52.406,-131.52
1997,0,0,0,0,0,0,0,0,0,1,Tasu Sound & Gowgaia Bay,52.406,-131.52
1998,0,0,0,0,0,0,0,0,0,1,Tasu Sound & Gowgaia Bay,52.406,-131.52
1999,0,0,0,0,0,0,0,0,0,1,Tasu Sound & Gowgaia Bay,52.406,-131.52
2000,0,0,0,0,0,0,0,0,0,1,Tasu Sound & Gowgaia Bay,52.406,-131.52
2001,0,0,0,0,0,0,0,0,0,1,Tasu Sound & Gowgaia Bay,52.406,-131.52
2002,0,0,0,0,0,0,0,0,0,1,Tasu Sound & Gowgaia Bay,52.406,-131.52
2003,0,0,0,0,0,0,0,0,0,1,Tasu Sound & Gowgaia Bay,52.406,-131.52
2004,0,0,0,0,0,0,0,0,0,1,Tasu Sound & Gowgaia Bay,52.406,-131.52
2005,0,0,0,0,0,0,0,0,0,1,Tasu Sound & Gowgaia Bay,52.406,-131.52
2006,0,0,0,0,0,0,0,0,0,1,Tasu Sound & Gowgaia Bay,52.406,-131.52
2007,0,0,0,0,0,0,0,0,0,1,Tasu Sound & Gowgaia Bay,52.406,-131.52
2008,0,0,0,0,0,0,0,0,0,1,Tasu Sound & Gowgaia Bay,52.406,-131.52
2009,0,0,0,0,0,0,0,0,0,1,Tasu Sound & Gowgaia Bay,52.406,-131.52
2010,0,0,0,0,0,0,0,0,0,1,Tasu Sound & Gowgaia Bay,52.406,-131.52
2011,0,0,0,0,0,0,0,0,0,1,Tasu Sound & Gowgaia Bay,52.406,-131.52
2012,0,0,0,0,0,0,0,0,0,1,Tasu Sound & Gowgaia Bay,52.406,-131.52
2013,0,0,0,0,0,0,0,0,0,1,Tasu Sound & Gowgaia Bay,52.406,-131.52
2014,0,0,0,0,0,0,0,0,0,1,Tasu Sound & Gowgaia Bay,52.406,-131.52
2015,0,0,0,0,0,0,0,0,0,1,Tasu Sound & Gowgaia Bay,52.406,-131.52
1950,0,0,0,0,0,0,0,0,0,2,Port Louis,53.7084,-132.959
1951,0,0,0,0,0,0,0,0,0,2,Port Louis,53.7084,-132.959
1952,0,0,0,0,0,0,0,0,0,2,Port Louis,53.7084,-132.959
1953,0,0,0,0,0,0,0,0,0,2,Port Louis,53.7084,-132.959
1954,0,0,0,0,0,0,0,0,0,2,Port Louis,53.7084,-132.959
1955,0,0,0,0,0,0,0,0,0,2,Port Louis,53.7084,-132.959
1956,0,0,0,0,0,0,0,0,0,2,Port Louis,53.7084,-132.959
1957,0,0,0,0,0,0,0,0,0,2,Port Louis,53.7084,-132.959
1958,0,0,0,0,0,0,0,0,0,2,Port Louis,53.7084,-132.959
1959,0,0,0,0,0,0,0,0,0,2,Port Louis,53.7084,-132.959
1960,0,0,0,0,0,0,0,0,0,2,Port Louis,53.7084,-132.959
1961,0,0,0,0,0,0,0,0,0,2,Port Louis,53.7084,-132.959
1962,0,0,0,0,0,0,0,0,0,2,Port Louis,53.7084,-132.959
1963,0,0,0,0,0,0,0,0,0,2,Port Louis,53.7084,-132.959
1964,0,0,0,0,0,0,0,0,0,2,Port Louis,53.7084,-132.959
1965,0,0,0,0,0,0,0,0,0,2,Port Louis,53.7084,-132.959
1966,0,0,0,0,0,0,0,0,0,2,Port Louis,53.7084,-132.959
1967,0,0,0,0,0,0,0,0,0,2,Port Louis,53.7084,-132.959
1968,0,0,0,0,0,0,0,0,0,2,Port Louis,53.7084,-132.959
1969,0,0,0,0,0,0,0,0,0,2,Port Louis,53.7084,-132.959
1970,0,0,0,0,0,0,0,0,0,2,Port Louis,53.7084,-132.959
1971,0,0,0,0,0,0,0,0,0,2,Port Louis,53.7084,-132.959
1972,0,0,0,0,0,0,0,0,0,2,Port Louis,53.7084,-132.959
1973,0,0,0,0,0,0,0,0,0,2,Port Louis,53.7084,-132.959
1974,0,0,0,0,0,0,0,0,0,2,Port Louis,53.7084,-132.959
1975,0,0,0,0,0,0,0,0,0,2,Port Louis,53.7084,-132.959
1976,0,0,0,0,0,0,0,0,0,2,Port Louis,53.7084,-132.959
1977,0,0,0,0,0,0,0,0,0,2,Port Louis,53.7084,-132.959
1978,0,0,0,0,0,0,0,0,0,2,Port Louis,53.7084,-132.959
1979,0,0,0,0,0,0,0,0,0,2,Port Louis,53.7084,-132.959
1980,0,0,0,0,0,0,0,0,0,2,Port Louis,53.7084,-132.959
1981,0,0,0,0,0,0,0,0,0,2,Port Louis,53.7084,-132.959
1982,0,0,0,0,0,0,0,0,0,2,Port Louis,53.7084,-132.959
1983,0,0,0,0,0,0,0,0,0,2,Port Louis,53.7084,-132.959
1984,0,0,0,0,0,0,0,0,0,2,Port Louis,53.7084,-132.959
1985,3,199,199,0,0,0,199,0,0,2,Port Louis,53.7084,-132.959
1986,0,0,0,0,0,0,0,0,0,2,Port Louis,53.7084,-132.959
1987,0,0,0,0,0,0,0,0,0,2,Port Louis,53.7084,-132.959
1988,0,0,0,0,0,0,0,0,0,2,Port Louis,53.7084,-132.959
1989,0,0,0,0,0,0,0,0,0,2,Port Louis,53.7084,-132.959
1990,46,1967,1967,0,0,0,1967,0,0,2,Port Louis,53.7084,-132.959
1991,0,0,0,0,0,0,0,0,0,2,Port Louis,53.7084,-132.959
1992,0,0,0,0,0,0,0,0,0,2,Port Louis,53.7084,-132.959
1993,4,126,126,0,0,0,126,0,0,2,Port Louis,53.7084,-132.959
1994,0,0,0,0,0,0,0,0,0,2,Port Louis,53.7084,-132.959
1995,0,0,0,0,0,0,0,0,0,2,Port Louis,53.7084,-132.959
1996,0,0,0,0,0,0,0,0,0,2,Port Louis,53.7084,-132.959
1997,0,0,0,0,0,0,0,0,0,2,Port Louis,53.7084,-132.959
1998,1,179,179,0,0,0,179,0,0,2,Port Louis,53.7084,-132.959
1999,0,0,0,0,0,0,0,0,0,2,Port Louis,53.7084,-132.959
2000,0,0,0,0,0,0,0,0,0,2,Port Louis,53.7084,-132.959
2001,0,0,0,0,0,0,0,0,0,2,Port Louis,53.7084,-132.959
2002,0,0,0,0,0,0,0,0,0,2,Port Louis,53.7084,-132.959
2003,0,0,0,0,0,0,0,0,0,2,Port Louis,53.7084,-132.959
2004,0,0,0,0,0,0,0,0,0,2,Port Louis,53.7084,-132.959
2005,0,0,0,0,0,0,0,0,0,2,Port Louis,53.7084,-132.959
2006,0,0,0,0,0,0,0,0,0,2,Port Louis,53.7084,-132.959
2007,1,91,91,0,0,0,0,0,91,2,Port Louis,53.7084,-132.959
2008,1,182,182,0,0,0,0,0,182,2,Port Louis,53.7084,-132.959
2009,1,91,91,0,0,0,0,0,91,2,Port Louis,53.7084,-132.959
2010,1,364,364,0,0,0,0,0,364,2,Port Louis,53.7084,-132.959
2011,0,0,0,0,0,0,0,0,0,2,Port Louis,53.7084,-132.959
2012,1,182,182,0,0,0,0,0,182,2,Port Louis,53.7084,-132.959
2013,1,182,182,0,0,0,0,0,182,2,Port Louis,53.7084,-132.959
2014,0,0,0,0,0,0,0,0,0,2,Port Louis,53.7084,-132.959
2015,0,0,0,0,0,0,0,0,0,2,Port Louis,53.7084,-132.959
1950,0,0,0,0,0,0,0,0,0,3,Rennell Sound,53.31,-132.433
1951,0,0,0,0,0,0,0,0,0,3,Rennell Sound,53.31,-132.433
1952,0,0,0,0,0,0,0,0,0,3,Rennell Sound,53.31,-132.433
1953,0,0,0,0,0,0,0,0,0,3,Rennell Sound,53.31,-132.433
1954,0,0,0,0,0,0,0,0,0,3,Rennell Sound,53.31,-132.433
1955,0,0,0,0,0,0,0,0,0,3,Rennell Sound,53.31,-132.433
1956,0,0,0,0,0,0,0,0,0,3,Rennell Sound,53.31,-132.433
1957,1,106,106,0,0,0,106,0,0,3,Rennell Sound,53.31,-132.433
1958,0,0,0,0,0,0,0,0,0,3,Rennell Sound,53.31,-132.433
1959,0,0,0,0,0,0,0,0,0,3,Rennell Sound,53.31,-132.433
1960,0,0,0,0,0,0,0,0,0,3,Rennell Sound,53.31,-132.433
1961,0,0,0,0,0,0,0,0,0,3,Rennell Sound,53.31,-132.433
1962,0,0,0,0,0,0,0,0,0,3,Rennell Sound,53.31,-132.433
1963,0,0,0,0,0,0,0,0,0,3,Rennell Sound,53.31,-132.433
1964,0,0,0,0,0,0,0,0,0,3,Rennell Sound,53.31,-132.433
1965,0,0,0,0,0,0,0,0,0,3,Rennell Sound,53.31,-132.433
1966,0,0,0,0,0,0,0,0,0,3,Rennell Sound,53.31,-132.433
1967,0,0,0,0,0,0,0,0,0,3,Rennell Sound,53.31,-132.433
1968,0,0,0,0,0,0,0,0,0,3,Rennell Sound,53.31,-132.433
1969,0,0,0,0,0,0,0,0,0,3,Rennell Sound,53.31,-132.433
1970,0,0,0,0,0,0,0,0,0,3,Rennell Sound,53.31,-132.433
1971,0,0,0,0,0,0,0,0,0,3,Rennell Sound,53.31,-132.433
1972,0,0,0,0,0,0,0,0,0,3,Rennell Sound,53.31,-132.433
1973,0,0,0,0,0,0,0,0,0,3,Rennell Sound,53.31,-132.433
1974,7,403,403,0,0,0,403,0,0,3,Rennell Sound,53.31,-132.433
1975,6,449,449,0,0,0,449,0,0,3,Rennell Sound,53.31,-132.433
1976,0,0,0,0,0,0,0,0,0,3,Rennell Sound,53.31,-132.433
1977,0,0,0,0,0,0,0,0,0,3,Rennell Sound,53.31,-132.433
1978,0,0,0,0,0,0,0,0,0,3,Rennell Sound,53.31,-132.433
1979,10,107,107,0,0,0,107,0,0,3,Rennell Sound,53.31,-132.433
1980,0,0,0,0,0,0,0,0,0,3,Rennell Sound,53.31,-132.433
1981,5,329,329,0,0,0,329,0,0,3,Rennell Sound,53.31,-132.433
1982,8,279,279,0,0,0,279,0,0,3,Rennell Sound,53.31,-132.433
1983,15,715,715,0,0,0,715,0,0,3,Rennell Sound,53.31,-132.433
1984,0,0,0,0,0,0,0,0,0,3,Rennell Sound,53.31,-132.433
1985,0,0,0,0,0,0,0,0,0,3,Rennell Sound,53.31,-132.433
1986,0,0,0,0,0,0,0,0,0,3,Rennell Sound,53.31,-132.433
1987,0,0,0,0,0,0,0,0,0,3,Rennell Sound,53.31,-132.433
1988,0,0,0,0,0,0,0,0,0,3,Rennell Sound,53.31,-132.433
1989,0,0,0,0,0,0,0,0,0,3,Rennell Sound,53.31,-132.433
1990,4,305,305,0,0,0,305,0,0,3,Rennell Sound,53.31,-132.433
1991,48,2558,2558,0,0,0,2558,0,0,3,Rennell Sound,53.31,-132.433
1992,30,1283,1283,0,0,0,1283,0,0,3,Rennell Sound,53.31,-132.433
1993,35,753,753,0,0,0,753,0,0,3,Rennell Sound,53.31,-132.433
1994,0,0,0,0,0,0,0,0,0,3,Rennell Sound,53.31,-132.433
1995,0,0,0,0,0,0,0,0,0,3,Rennell Sound,53.31,-132.433
1996,0,0,0,0,0,0,0,0,0,3,Rennell Sound,53.31,-132.433
1997,0,0,0,0,0,0,0,0,0,3,Rennell Sound,53.31,-132.433
1998,0,0,0,0,0,0,0,0,0,3,Rennell Sound,53.31,-132.433
1999,0,0,0,0,0,0,0,0,0,3,Rennell Sound,53.31,-132.433
2000,0,0,0,0,0,0,0,0,0,3,Rennell Sound,53.31,-132.433
2001,0,0,0,0,0,0,0,0,0,3,Rennell Sound,53.31,-132.433
2002,0,0,0,0,0,0,0,0,0,3,Rennell Sound,53.31,-132.433
2003,0,0,0,0,0,0,0,0,0,3,Rennell Sound,53.31,-132.433
2004,0,0,0,0,0,0,0,0,0,3,Rennell Sound,53.31,-132.433
2005,0,0,0,0,0,0,0,0,0,3,Rennell Sound,53.31,-132.433
2006,0,0,0,0,0,0,0,0,0,3,Rennell Sound,53.31,-132.433
2007,0,0,0,0,0,0,0,0,0,3,Rennell Sound,53.31,-132.433
2008,1,91,91,0,0,0,0,0,91,3,Rennell Sound,53.31,-132.433
2009,1,91,91,0,0,0,0,0,91,3,Rennell Sound,53.31,-132.433
2010,0,0,0,0,0,0,0,0,0,3,Rennell Sound,53.31,-132.433
2011,0,0,0,0,0,0,0,0,0,3,Rennell Sound,53.31,-132.433
2012,0,0,0,0,0,0,0,0,0,3,Rennell Sound,53.31,-132.433
2013,0,0,0,0,0,0,0,0,0,3,Rennell Sound,53.31,-132.433
2014,0,0,0,0,0,0,0,0,0,3,Rennell Sound,53.31,-132.433
2015,0,0,0,0,0,0,0,0,0,3,Rennell Sound,53.31,-132.433
1950,0,0,0,0,0,0,0,0,0,5,Englefield Bay,53.0085,-132.23
1951,0,0,0,0,0,0,0,0,0,5,Englefield Bay,53.0085,-132.23
1952,0,0,0,0,0,0,0,0,0,5,Englefield Bay,53.0085,-132.23
1953,0,0,0,0,0,0,0,0,0,5,Englefield Bay,53.0085,-132.23
1954,0,0,0,0,0,0,0,0,0,5,Englefield Bay,53.0085,-132.23
1955,0,0,0,0,0,0,0,0,0,5,Englefield Bay,53.0085,-132.23
1956,0,0,0,0,0,0,0,0,0,5,Englefield Bay,53.0085,-132.23
1957,0,0,0,0,0,0,0,0,0,5,Englefield Bay,53.0085,-132.23
1958,0,0,0,0,0,0,0,0,0,5,Englefield Bay,53.0085,-132.23
1959,0,0,0,0,0,0,0,0,0,5,Englefield Bay,53.0085,-132.23
1960,0,0,0,0,0,0,0,0,0,5,Englefield Bay,53.0085,-132.23
1961,0,0,0,0,0,0,0,0,0,5,Englefield Bay,53.0085,-132.23
1962,0,0,0,0,0,0,0,0,0,5,Englefield Bay,53.0085,-132.23
1963,0,0,0,0,0,0,0,0,0,5,Englefield Bay,53.0085,-132.23
1964,0,0,0,0,0,0,0,0,0,5,Englefield Bay,53.0085,-132.23
1965,6,966,966,0,0,0,966,0,0,5,Englefield Bay,53.0085,-132.23
1966,0,0,0,0,0,0,0,0,0,5,Englefield Bay,53.0085,-132.23
1967,0,0,0,0,0,0,0,0,0,5,Englefield Bay,53.0085,-132.23
1968,0,0,0,0,0,0,0,0,0,5,Englefield Bay,53.0085,-132.23
1969,0,0,0,0,0,0,0,0,0,5,Englefield Bay,53.0085,-132.23
1970,0,0,0,0,0,0,0,0,0,5,Englefield Bay,53.0085,-132.23
1971,0,0,0,0,0,0,0,0,0,5,Englefield Bay,53.0085,-132.23
1972,0,0,0,0,0,0,0,0,0,5,Englefield Bay,53.0085,-132.23
1973,8,706,706,0,0,0,706,0,0,5,Englefield Bay,53.0085,-132.23
1974,0,0,0,0,0,0,0,0,0,5,Englefield Bay,53.0085,-132.23
1975,0,0,0,0,0,0,0,0,0,5,Englefield Bay,53.0085,-132.23
1976,0,0,0,0,0,0,0,0,0,5,Englefield Bay,53.0085,-132.23
1977,0,0,0,0,0,0,0,0,0,5,Englefield Bay,53.0085,-132.23
1978,7,575,575,0,0,0,575,0,0,5,Englefield Bay,53.0085,-132.23
1979,31,583,583,0,0,0,583,0,0,5,Englefield Bay,53.0085,-132.23
1980,0,0,0,0,0,0,0,0,0,5,Englefield Bay,53.0085,-132.23
1981,21,441,441,0,0,0,441,0,0,5,Englefield Bay,53.0085,-132.23
1982,60,946,946,0,0,0,946,0,0,5,Englefield Bay,53.0085,-132.23
1983,57,1803,1803,0,0,0,1803,0,0,5,Englefield Bay,53.0085,-132.23
1984,0,0,0,0,0,0,0,0,0,5,Englefield Bay,53.0085,-132.23
1985,0,0,0,0,0,0,0,0,0,5,Englefield Bay,53.0085,-132.23
1986,0,0,0,0,0,0,0,0,0,5,Englefield Bay,53.0085,-132.23
1987,0,0,0,0,0,0,0,0,0,5,Englefield Bay,53.0085,-132.23
1988,0,0,0,0,0,0,0,0,0,5,Englefield Bay,53.0085,-132.23
1989,0,0,0,0,0,0,0,0,0,5,Englefield Bay,53.0085,-132.23
1990,0,0,0,0,0,0,0,0,0,5,Englefield Bay,53.0085,-132.23
1991,0,0,0,0,0,0,0,0,0,5,Englefield Bay,53.0085,-132.23
1992,0,0,0,0,0,0,0,0,0,5,Englefield Bay,53.0085,-132.23
1993,9,427,427,0,0,0,427,0,0,5,Englefield Bay,53.0085,-132.23
1994,0,0,0,0,0,0,0,0,0,5,Englefield Bay,53.0085,-132.23
1995,0,0,0,0,0,0,0,0,0,5,Englefield Bay,53.0085,-132.23
1996,0,0,0,0,0,0,0,0,0,5,Englefield Bay,53.0085,-132.23
1997,0,0,0,0,0,0,0,0,0,5,Englefield Bay,53.0085,-132.23
1998,0,0,0,0,0,0,0,0,0,5,Englefield Bay,53.0085,-132.23
1999,0,0,0,0,0,0,0,0,0,5,Englefield Bay,53.0085,-132.23
2000,0,0,0,0,0,0,0,0,0,5,Englefield Bay,53.0085,-132.23
2001,0,0,0,0,0,0,0,0,0,5,Englefield Bay,53.0085,-132.23
2002,0,0,0,0,0,0,0,0,0,5,Englefield Bay,53.0085,-132.23
2003,0,0,0,0,0,0,0,0,0,5,Englefield Bay,53.0085,-132.23
2004,0,0,0,0,0,0,0,0,0,5,Englefield Bay,53.0085,-132.23
2005,0,0,0,0,0,0,0,0,0,5,Englefield Bay,53.0085,-132.23
2006,0,0,0,0,0,0,0,0,0,5,Englefield Bay,53.0085,-132.23
2007,0,0,0,0,0,0,0,0,0,5,Englefield Bay,53.0085,-132.23
2008,0,0,0,0,0,0,0,0,0,5,Englefield Bay,53.0085,-132.23
2009,0,0,0,0,0,0,0,0,0,5,Englefield Bay,53.0085,-132.23
2010,0,0,0,0,0,0,0,0,0,5,Englefield Bay,53.0085,-132.23
2011,0,0,0,0,0,0,0,0,0,5,Englefield Bay,53.0085,-132.23
2012,0,0,0,0,0,0,0,0,0,5,Englefield Bay,53.0085,-132.23
2013,0,0,0,0,0,0,0,0,0,5,Englefield Bay,53.0085,-132.23
2014,0,0,0,0,0,0,0,0,0,5,Englefield Bay,53.0085,-132.23
2015,0,0,0,0,0,0,0,0,0,5,Englefield Bay,53.0085,-132.23
1950,0,0,0,0,0,0,0,0,0,6,Louscoone Inlet,52.2155,-131.271
1951,0,0,0,0,0,0,0,0,0,6,Louscoone Inlet,52.2155,-131.271
1952,0,0,0,0,0,0,0,0,0,6,Louscoone Inlet,52.2155,-131.271
1953,0,0,0,0,0,0,0,0,0,6,Louscoone Inlet,52.2155,-131.271
1954,0,0,0,0,0,0,0,0,0,6,Louscoone Inlet,52.2155,-131.271
1955,0,0,0,0,0,0,0,0,0,6,Louscoone Inlet,52.2155,-131.271
1956,0,0,0,0,0,0,0,0,0,6,Louscoone Inlet,52.2155,-131.271
1957,5,464,464,0,0,0,464,0,0,6,Louscoone Inlet,52.2155,-131.271
1958,0,0,0,0,0,0,0,0,0,6,Louscoone Inlet,52.2155,-131.271
1959,0,0,0,0,0,0,0,0,0,6,Louscoone Inlet,52.2155,-131.271
1960,0,0,0,0,0,0,0,0,0,6,Louscoone Inlet,52.2155,-131.271
1961,0,0,0,0,0,0,0,0,0,6,Louscoone Inlet,52.2155,-131.271
1962,0,0,0,0,0,0,0,0,0,6,Louscoone Inlet,52.2155,-131.271
1963,0,0,0,0,0,0,0,0,0,6,Louscoone Inlet,52.2155,-131.271
1964,18,1924,1924,0,0,0,1924,0,0,6,Louscoone Inlet,52.2155,-131.271
1965,24,3026,3026,0,0,0,3026,0,0,6,Louscoone Inlet,52.2155,-131.271
1966,0,0,0,0,0,0,0,0,0,6,Louscoone Inlet,52.2155,-131.271
1967,2,52,52,0,0,0,52,0,0,6,Louscoone Inlet,52.2155,-131.271
1968,0,0,0,0,0,0,0,0,0,6,Louscoone Inlet,52.2155,-131.271
1969,0,0,0,0,0,0,0,0,0,6,Louscoone Inlet,52.2155,-131.271
1970,0,0,0,0,0,0,0,0,0,6,Louscoone Inlet,52.2155,-131.271
1971,0,0,0,0,0,0,0,0,0,6,Louscoone Inlet,52.2155,-131.271
1972,11,583,583,0,0,0,583,0,0,6,Louscoone Inlet,52.2155,-131.271
1973,1,71,71,0,0,0,71,0,0,6,Louscoone Inlet,52.2155,-131.271
1974,0,0,0,0,0,0,0,0,0,6,Louscoone Inlet,52.2155,-131.271
1975,23,1613,1613,0,0,0,1613,0,0,6,Louscoone Inlet,52.2155,-131.271
1976,138,2490,2490,0,0,334,2156,0,0,6,Louscoone Inlet,52.2155,-131.271
1977,46,2603,2603,0,0,0,2603,0,0,6,Louscoone Inlet,52.2155,-131.271
1978,182,2236,2236,0,0,531,1705,0,0,6,Louscoone Inlet,52.2155,-131.271
1979,0,0,0,0,0,0,0,0,0,6,Louscoone Inlet,52.2155,-131.271
1980,112,1041,1041,0,0,249,792,0,0,6,Louscoone Inlet,52.2155,-131.271
1981,0,0,0,0,0,0,0,0,0,6,Louscoone Inlet,52.2155,-131.271
1982,0,0,0,0,0,0,0,0,0,6,Louscoone Inlet,52.2155,-131.271
1983,0,0,0,0,0,0,0,0,0,6,Louscoone Inlet,52.2155,-131.271
1984,0,0,0,0,0,0,0,0,0,6,Louscoone Inlet,52.2155,-131.271
1985,0,0,0,0,0,0,0,0,0,6,Louscoone Inlet,52.2155,-131.271
1986,0,0,0,0,0,0,0,0,0,6,Louscoone Inlet,52.2155,-131.271
1987,0,0,0,0,0,0,0,0,0,6,Louscoone Inlet,52.2155,-131.271
1988,0,0,0,0,0,0,0,0,0,6,Louscoone Inlet,52.2155,-131.271
1989,27,1419,1419,0,0,0,1419,0,0,6,Louscoone Inlet,52.2155,-131.271
1990,94,5249,5249,0,0,0,5249,0,0,6,Louscoone Inlet,52.2155,-131.271
1991,0,0,0,0,0,0,0,0,0,6,Louscoone Inlet,52.2155,-131.271
1992,40,2460,2460,0,0,0,2460,0,0,6,Louscoone Inlet,52.2155,-131.271
1993,0,0,0,0,0,0,0,0,0,6,Louscoone Inlet,52.2155,-131.271
1994,1,91,91,0,0,0,0,0,91,6,Louscoone Inlet,52.2155,-131.271
1995,0,0,0,0,0,0,0,0,0,6,Louscoone Inlet,52.2155,-131.271
1996,0,0,0,0,0,0,0,0,0,6,Louscoone Inlet,52.2155,-131.271
1997,0,0,0,0,0,0,0,0,0,6,Louscoone Inlet,52.2155,-131.271
1998,1,136,136,0,0,0,0,0,136,6,Louscoone Inlet,52.2155,-131.271
1999,0,0,0,0,0,0,0,0,0,6,Louscoone Inlet,52.2155,-131.271
2000,0,0,0,0,0,0,0,0,0,6,Louscoone Inlet,52.2155,-131.271
2001,0,0,0,0,0,0,0,0,0,6,Louscoone Inlet,52.2155,-131.271
2002,0,0,0,0,0,0,0,0,0,6,Louscoone Inlet,52.2155,-131.271
2003,0,0,0,0,0,0,0,0,0,6,Louscoone Inlet,52.2155,-131.271
2004,0,0,0,0,0,0,0,0,0,6,Louscoone Inlet,52.2155,-131.271
2005,0,0,0,0,0,0,0,0,0,6,Louscoone Inlet,52.2155,-131.271
2006,0,0,0,0,0,0,0,0,0,6,Louscoone Inlet,52.2155,-131.271
2007,0,0,0,0,0,0,0,0,0,6,Louscoone Inlet,52.2155,-131.271
2008,0,0,0,0,0,0,0,0,0,6,Louscoone Inlet,52.2155,-131.271
2009,0,0,0,0,0,0,0,0,0,6,Louscoone Inlet,52.2155,-131.271
2010,0,0,0,0,0,0,0,0,0,6,Louscoone Inlet,52.2155,-131.271
2011,0,0,0,0,0,0,0,0,0,6,Louscoone Inlet,52.2155,-131.271
2012,0,0,0,0,0,0,0,0,0,6,Louscoone Inlet,52.2155,-131.271
2013,0,0,0,0,0,0,0,0,0,6,Louscoone Inlet,52.2155,-131.271
2014,0,0,0,0,0,0,0,0,0,6,Louscoone Inlet,52.2155,-131.271
2015,0,0,0,0,0,0,0,0,0,6,Louscoone Inlet,52.2155,-131.271
1950,0,0,0,0,0,0,0,0,0,11,Masset Inlet,53.6614,-132.671
1951,0,0,0,0,0,0,0,0,0,11,Masset Inlet,53.6614,-132.671
1952,0,0,0,0,0,0,0,0,0,11,Masset Inlet,53.6614,-132.671
1953,0,0,0,0,0,0,0,0,0,11,Masset Inlet,53.6614,-132.671
1954,0,0,0,0,0,0,0,0,0,11,Masset Inlet,53.6614,-132.671
1955,0,0,0,0,0,0,0,0,0,11,Masset Inlet,53.6614,-132.671
1956,5,217,0,217,0,0,217,0,0,11,Masset Inlet,53.6614,-132.671
1957,2,202,0,202,0,0,202,0,0,11,Masset Inlet,53.6614,-132.671
1958,0,0,0,0,0,0,0,0,0,11,Masset Inlet,53.6614,-132.671
1959,0,0,0,0,0,0,0,0,0,11,Masset Inlet,53.6614,-132.671
1960,0,0,0,0,0,0,0,0,0,11,Masset Inlet,53.6614,-132.671
1961,0,0,0,0,0,0,0,0,0,11,Masset Inlet,53.6614,-132.671
1962,0,0,0,0,0,0,0,0,0,11,Masset Inlet,53.6614,-132.671
1963,0,0,0,0,0,0,0,0,0,11,Masset Inlet,53.6614,-132.671
1964,0,0,0,0,0,0,0,0,0,11,Masset Inlet,53.6614,-132.671
1965,0,0,0,0,0,0,0,0,0,11,Masset Inlet,53.6614,-132.671
1966,0,0,0,0,0,0,0,0,0,11,Masset Inlet,53.6614,-132.671
1967,0,0,0,0,0,0,0,0,0,11,Masset Inlet,53.6614,-132.671
1968,0,0,0,0,0,0,0,0,0,11,Masset Inlet,53.6614,-132.671
1969,0,0,0,0,0,0,0,0,0,11,Masset Inlet,53.6614,-132.671
1970,0,0,0,0,0,0,0,0,0,11,Masset Inlet,53.6614,-132.671
1971,1,13,0,0,13,0,13,0,0,11,Masset Inlet,53.6614,-132.671
1972,0,0,0,0,0,0,0,0,0,11,Masset Inlet,53.6614,-132.671
1973,0,0,0,0,0,0,0,0,0,11,Masset Inlet,53.6614,-132.671
1974,0,0,0,0,0,0,0,0,0,11,Masset Inlet,53.6614,-132.671
1975,0,0,0,0,0,0,0,0,0,11,Masset Inlet,53.6614,-132.671
1976,7,17,17,0,0,17,0,0,0,11,Masset Inlet,53.6614,-132.671
1977,0,0,0,0,0,0,0,0,0,11,Masset Inlet,53.6614,-132.671
1978,3,57,0,0,57,0,57,0,0,11,Masset Inlet,53.6614,-132.671
1979,0,0,0,0,0,0,0,0,0,11,Masset Inlet,53.6614,-132.671
1980,36,430,0,0,430,0,430,0,0,11,Masset Inlet,53.6614,-132.671
1981,38,362,0,0,362,0,362,0,0,11,Masset Inlet,53.6614,-132.671
1982,5,69,0,0,69,0,69,0,0,11,Masset Inlet,53.6614,-132.671
1983,0,0,0,0,0,0,0,0,0,11,Masset Inlet,53.6614,-132.671
1984,16,36,15,21,0,0,36,0,0,11,Masset Inlet,53.6614,-132.671
1985,33,10,10,0,0,0,10,0,0,11,Masset Inlet,53.6614,-132.671
1986,6,64,0,64,0,0,64,0,0,11,Masset Inlet,53.6614,-132.671
1987,10,25,0,25,0,0,25,0,0,11,Masset Inlet,53.6614,-132.671
1988,12,6,0,6,0,0,6,0,0,11,Masset Inlet,53.6614,-132.671
1989,2,6,6,0,0,0,6,0,0,11,Masset Inlet,53.6614,-132.671
1990,0,0,0,0,0,0,0,0,0,11,Masset Inlet,53.6614,-132.671
1991,0,0,0,0,0,0,0,0,0,11,Masset Inlet,53.6614,-132.671
1992,0,0,0,0,0,0,0,0,0,11,Masset Inlet,53.6614,-132.671
1993,0,0,0,0,0,0,0,0,0,11,Masset Inlet,53.6614,-132.671
1994,0,0,0,0,0,0,0,0,0,11,Masset Inlet,53.6614,-132.671
1995,0,0,0,0,0,0,0,0,0,11,Masset Inlet,53.6614,-132.671
1996,0,0,0,0,0,0,0,0,0,11,Masset Inlet,53.6614,-132.671
1997,0,0,0,0,0,0,0,0,0,11,Masset Inlet,53.6614,-132.671
1998,0,0,0,0,0,0,0,0,0,11,Masset Inlet,53.6614,-132.671
1999,0,0,0,0,0,0,0,0,0,11,Masset Inlet,53.6614,-132.671
2000,0,0,0,0,0,0,0,0,0,11,Masset Inlet,53.6614,-132.671
2001,0,0,0,0,0,0,0,0,0,11,Masset Inlet,53.6614,-132.671
2002,0,0,0,0,0,0,0,0,0,11,Masset Inlet,53.6614,-132.671
2003,0,0,0,0,0,0,0,0,0,11,Masset Inlet,53.6614,-132.671
2004,0,0,0,0,0,0,0,0,0,11,Masset Inlet,53.6614,-132.671
2005,0,0,0,0,0,0,0,0,0,11,Masset Inlet,53.6614,-132.671
2006,0,0,0,0,0,0,0,0,0,11,Masset Inlet,53.6614,-132.671
2007,0,0,0,0,0,0,0,0,0,11,Masset Inlet,53.6614,-132.671
2008,0,0,0,0,0,0,0,0,0,11,Masset Inlet,53.6614,-132.671
2009,0,0,0,0,0,0,0,0,0,11,Masset Inlet,53.6614,-132.671
2010,0,0,0,0,0,0,0,0,0,11,Masset Inlet,53.6614,-132.671
2011,0,0,0,0,0,0,0,0,0,11,Masset Inlet,53.6614,-132.671
2012,0,0,0,0,0,0,0,0,0,11,Masset Inlet,53.6614,-132.671
2013,0,0,0,0,0,0,0,0,0,11,Masset Inlet,53.6614,-132.671
2014,0,0,0,0,0,0,0,0,0,11,Masset Inlet,53.6614,-132.671
2015,0,0,0,0,0,0,0,0,0,11,Masset Inlet,53.6614,-132.671
1950,0,0,0,0,0,0,0,0,0,12,Naden Harbour,53.9682,-132.645
1951,0,0,0,0,0,0,0,0,0,12,Naden Harbour,53.9682,-132.645
1952,0,0,0,0,0,0,0,0,0,12,Naden Harbour,53.9682,-132.645
1953,0,0,0,0,0,0,0,0,0,12,Naden Harbour,53.9682,-132.645
1954,0,0,0,0,0,0,0,0,0,12,Naden Harbour,53.9682,-132.645
1955,0,0,0,0,0,0,0,0,0,12,Naden Harbour,53.9682,-132.645
1956,1,95,0,95,0,0,95,0,0,12,Naden Harbour,53.9682,-132.645
1957,1,28,0,28,0,0,28,0,0,12,Naden Harbour,53.9682,-132.645
1958,0,0,0,0,0,0,0,0,0,12,Naden Harbour,53.9682,-132.645
1959,0,0,0,0,0,0,0,0,0,12,Naden Harbour,53.9682,-132.645
1960,0,0,0,0,0,0,0,0,0,12,Naden Harbour,53.9682,-132.645
1961,0,0,0,0,0,0,0,0,0,12,Naden Harbour,53.9682,-132.645
1962,0,0,0,0,0,0,0,0,0,12,Naden Harbour,53.9682,-132.645
1963,0,0,0,0,0,0,0,0,0,12,Naden Harbour,53.9682,-132.645
1964,0,0,0,0,0,0,0,0,0,12,Naden Harbour,53.9682,-132.645
1965,0,0,0,0,0,0,0,0,0,12,Naden Harbour,53.9682,-132.645
1966,0,0,0,0,0,0,0,0,0,12,Naden Harbour,53.9682,-132.645
1967,0,0,0,0,0,0,0,0,0,12,Naden Harbour,53.9682,-132.645
1968,0,0,0,0,0,0,0,0,0,12,Naden Harbour,53.9682,-132.645
1969,0,0,0,0,0,0,0,0,0,12,Naden Harbour,53.9682,-132.645
1970,0,0,0,0,0,0,0,0,0,12,Naden Harbour,53.9682,-132.645
1971,0,0,0,0,0,0,0,0,0,12,Naden Harbour,53.9682,-132.645
1972,0,0,0,0,0,0,0,0,0,12,Naden Harbour,53.9682,-132.645
1973,0,0,0,0,0,0,0,0,0,12,Naden Harbour,53.9682,-132.645
1974,0,0,0,0,0,0,0,0,0,12,Naden Harbour,53.9682,-132.645
1975,0,0,0,0,0,0,0,0,0,12,Naden Harbour,53.9682,-132.645
1976,0,0,0,0,0,0,0,0,0,12,Naden Harbour,53.9682,-132.645
1977,4,25,6,19,0,0,25,0,0,12,Naden Harbour,53.9682,-132.645
1978,71,153,153,0,0,153,0,0,0,12,Naden Harbour,53.9682,-132.645
1979,50,96,96,0,0,96,0,0,0,12,Naden Harbour,53.9682,-132.645
1980,34,91,91,0,0,91,0,0,0,12,Naden Harbour,53.9682,-132.645
1981,0,0,0,0,0,0,0,0,0,12,Naden Harbour,53.9682,-132.645
1982,0,0,0,0,0,0,0,0,0,12,Naden Harbour,53.9682,-132.645
1983,0,0,0,0,0,0,0,0,0,12,Naden Harbour,53.9682,-132.645
1984,0,0,0,0,0,0,0,0,0,12,Naden Harbour,53.9682,-132.645
1985,0,0,0,0,0,0,0,0,0,12,Naden Harbour,53.9682,-132.645
1986,0,0,0,0,0,0,0,0,0,12,Naden Harbour,53.9682,-132.645
1987,0,0,0,0,0,0,0,0,0,12,Naden Harbour,53.9682,-132.645
1988,0,0,0,0,0,0,0,0,0,12,Naden Harbour,53.9682,-132.645
1989,0,0,0,0,0,0,0,0,0,12,Naden Harbour,53.9682,-132.645
1990,3,0,0,0,0,0,0,0,0,12,Naden Harbour,53.9682,-132.645
1991,0,0,0,0,0,0,0,0,0,12,Naden Harbour,53.9682,-132.645
1992,0,0,0,0,0,0,0,0,0,12,Naden Harbour,53.9682,-132.645
1993,0,0,0,0,0,0,0,0,0,12,Naden Harbour,53.9682,-132.645
1994,0,0,0,0,0,0,0,0,0,12,Naden Harbour,53.9682,-132.645
1995,0,0,0,0,0,0,0,0,0,12,Naden Harbour,53.9682,-132.645
1996,0,0,0,0,0,0,0,0,0,12,Naden Harbour,53.9682,-132.645
1997,0,0,0,0,0,0,0,0,0,12,Naden Harbour,53.9682,-132.645
1998,0,0,0,0,0,0,0,0,0,12,Naden Harbour,53.9682,-132.645
1999,0,0,0,0,0,0,0,0,0,12,Naden Harbour,53.9682,-132.645
2000,0,0,0,0,0,0,0,0,0,12,Naden Harbour,53.9682,-132.645
2001,0,0,0,0,0,0,0,0,0,12,Naden Harbour,53.9682,-132.645
2002,0,0,0,0,0,0,0,0,0,12,Naden Harbour,53.9682,-132.645
2003,0,0,0,0,0,0,0,0,0,12,Naden Harbour,53.9682,-132.645
2004,0,0,0,0,0,0,0,0,0,12,Naden Harbour,53.9682,-132.645
2005,0,0,0,0,0,0,0,0,0,12,Naden Harbour,53.9682,-132.645
2006,0,0,0,0,0,0,0,0,0,12,Naden Harbour,53.9682,-132.645
2007,0,0,0,0,0,0,0,0,0,12,Naden Harbour,53.9682,-132.645
2008,0,0,0,0,0,0,0,0,0,12,Naden Harbour,53.9682,-132.645
2009,0,0,0,0,0,0,0,0,0,12,Naden Harbour,53.9682,-132.645
2010,0,0,0,0,0,0,0,0,0,12,Naden Harbour,53.9682,-132.645
2011,0,0,0,0,0,0,0,0,0,12,Naden Harbour,53.9682,-132.645
2012,0,0,0,0,0,0,0,0,0,12,Naden Harbour,53.9682,-132.645
2013,0,0,0,0,0,0,0,0,0,12,Naden Harbour,53.9682,-132.645
2014,0,0,0,0,0,0,0,0,0,12,Naden Harbour,53.9682,-132.645
2015,0,0,0,0,0,0,0,0,0,12,Naden Harbour,53.9682,-132.645
1950,0,0,0,0,0,0,0,0,0,21,Juan Perez Sound,52.5,-131.417
1951,18,2847,2847,0,0,0,2847,0,0,21,Juan Perez Sound,52.5,-131.417
1952,53,7390,7390,0,0,0,7390,0,0,21,Juan Perez Sound,52.5,-131.417
1953,0,0,0,0,0,0,0,0,0,21,Juan Perez Sound,52.5,-131.417
1954,14,1786,1786,0,0,0,1786,0,0,21,Juan Perez Sound,52.5,-131.417
1955,0,0,0,0,0,0,0,0,0,21,Juan Perez Sound,52.5,-131.417
1956,711,73541,73541,0,0,0,73541,0,0,21,Juan Perez Sound,52.5,-131.417
1957,134,14657,14657,0,0,0,14657,0,0,21,Juan Perez Sound,52.5,-131.417
1958,2,274,274,0,0,0,274,0,0,21,Juan Perez Sound,52.5,-131.417
1959,64,6553,6553,0,0,0,6553,0,0,21,Juan Perez Sound,52.5,-131.417
1960,0,0,0,0,0,0,0,0,0,21,Juan Perez Sound,52.5,-131.417
1961,5,576,576,0,0,0,576,0,0,21,Juan Perez Sound,52.5,-131.417
1962,35,3155,3155,0,0,0,3155,0,0,21,Juan Perez Sound,52.5,-131.417
1963,0,0,0,0,0,0,0,0,0,21,Juan Perez Sound,52.5,-131.417
1964,111,11605,11333,271,0,0,11559,46,0,21,Juan Perez Sound,52.5,-131.417
1965,0,0,0,0,0,0,0,0,0,21,Juan Perez Sound,52.5,-131.417
1966,0,0,0,0,0,0,0,0,0,21,Juan Perez Sound,52.5,-131.417
1967,0,0,0,0,0,0,0,0,0,21,Juan Perez Sound,52.5,-131.417
1968,0,0,0,0,0,0,0,0,0,21,Juan Perez Sound,52.5,-131.417
1969,0,0,0,0,0,0,0,0,0,21,Juan Perez Sound,52.5,-131.417
1970,0,0,0,0,0,0,0,0,0,21,Juan Perez Sound,52.5,-131.417
1971,0,0,0,0,0,0,0,0,0,21,Juan Perez Sound,52.5,-131.417
1972,0,0,0,0,0,0,0,0,0,21,Juan Perez Sound,52.5,-131.417
1973,0,0,0,0,0,0,0,0,0,21,Juan Perez Sound,52.5,-131.417
1974,0,0,0,0,0,0,0,0,0,21,Juan Perez Sound,52.5,-131.417
1975,1,58,58,0,0,0,58,0,0,21,Juan Perez Sound,52.5,-131.417
1976,5,7,7,0,0,7,0,0,0,21,Juan Perez Sound,52.5,-131.417
1977,3,50,50,0,0,50,0,0,0,21,Juan Perez Sound,52.5,-131.417
1978,0,0,0,0,0,0,0,0,0,21,Juan Perez Sound,52.5,-131.417
1979,10,21,21,0,0,21,0,0,0,21,Juan Perez Sound,52.5,-131.417
1980,22,46,46,0,0,46,0,0,0,21,Juan Perez Sound,52.5,-131.417
1981,0,0,0,0,0,0,0,0,0,21,Juan Perez Sound,52.5,-131.417
1982,69,1539,1539,0,0,13,1526,0,0,21,Juan Perez Sound,52.5,-131.417
1983,102,4600,4600,0,0,0,4600,0,0,21,Juan Perez Sound,52.5,-131.417
1984,214,4015,4015,0,0,0,4015,0,0,21,Juan Perez Sound,52.5,-131.417
1985,2,110,110,0,0,0,110,0,0,21,Juan Perez Sound,52.5,-131.417
1986,186,875,875,0,0,800,75,0,0,21,Juan Perez Sound,52.5,-131.417
1987,42,2028,2028,0,0,0,2028,0,0,21,Juan Perez Sound,52.5,-131.417
1988,0,0,0,0,0,0,0,0,0,21,Juan Perez Sound,52.5,-131.417
1989,9,866,853,13,0,0,42,0,824,21,Juan Perez Sound,52.5,-131.417
1990,157,1100,1100,0,0,1092,8,0,0,21,Juan Perez Sound,52.5,-131.417
1991,130,4392,4392,0,0,493,3899,0,0,21,Juan Perez Sound,52.5,-131.417
1992,0,0,0,0,0,0,0,0,0,21,Juan Perez Sound,52.5,-131.417
1993,0,0,0,0,0,0,0,0,0,21,Juan Perez Sound,52.5,-131.417
1994,0,0,0,0,0,0,0,0,0,21,Juan Perez Sound,52.5,-131.417
1995,0,0,0,0,0,0,0,0,0,21,Juan Perez Sound,52.5,-131.417
1996,0,0,0,0,0,0,0,0,0,21,Juan Perez Sound,52.5,-131.417
1997,0,0,0,0,0,0,0,0,0,21,Juan Perez Sound,52.5,-131.417
1998,1,721,721,0,0,0,721,0,0,21,Juan Perez Sound,52.5,-131.417
1999,3,2757,2757,0,0,264,2493,0,0,21,Juan Perez Sound,52.5,-131.417
2000,2,1707,1707,0,0,0,1707,0,0,21,Juan Perez Sound,52.5,-131.417
2001,0,0,0,0,0,0,0,0,0,21,Juan Perez Sound,52.5,-131.417
2002,2,706,706,0,0,0,706,0,0,21,Juan Perez Sound,52.5,-131.417
2003,0,0,0,0,0,0,0,0,0,21,Juan Perez Sound,52.5,-131.417
2004,0,0,0,0,0,0,0,0,0,21,Juan Perez Sound,52.5,-131.417
2005,0,0,0,0,0,0,0,0,0,21,Juan Perez Sound,52.5,-131.417
2006,0,0,0,0,0,0,0,0,0,21,Juan Perez Sound,52.5,-131.417
2007,0,0,0,0,0,0,0,0,0,21,Juan Perez Sound,52.5,-131.417
2008,0,0,0,0,0,0,0,0,0,21,Juan Perez Sound,52.5,-131.417
2009,0,0,0,0,0,0,0,0,0,21,Juan Perez Sound,52.5,-131.417
2010,0,0,0,0,0,0,0,0,0,21,Juan Perez Sound,52.5,-131.417
2011,0,0,0,0,0,0,0,0,0,21,Juan Perez Sound,52.5,-131.417
2012,0,0,0,0,0,0,0,0,0,21,Juan Perez Sound,52.5,-131.417
2013,0,0,0,0,0,0,0,0,0,21,Juan Perez Sound,52.5,-131.417
2014,0,0,0,0,0,0,0,0,0,21,Juan Perez Sound,52.5,-131.417
2015,0,0,0,0,0,0,0,0,0,21,Juan Perez Sound,52.5,-131.417
1950,0,0,0,0,0,0,0,0,0,22,Skidegate Inlet,53.2333,-132
1951,0,0,0,0,0,0,0,0,0,22,Skidegate Inlet,53.2333,-132
1952,40,168,0,168,0,0,168,0,0,22,Skidegate Inlet,53.2333,-132
1953,0,0,0,0,0,0,0,0,0,22,Skidegate Inlet,53.2333,-132
1954,314,35483,24231,0,11252,0,35483,0,0,22,Skidegate Inlet,53.2333,-132
1955,57,7765,7765,0,0,0,7765,0,0,22,Skidegate Inlet,53.2333,-132
1956,59,5883,5883,0,0,0,5883,0,0,22,Skidegate Inlet,53.2333,-132
1957,16,1157,1157,0,0,0,1157,0,0,22,Skidegate Inlet,53.2333,-132
1958,66,5294,0,0,5294,0,5294,0,0,22,Skidegate Inlet,53.2333,-132
1959,64,6008,5250,0,758,0,6008,0,0,22,Skidegate Inlet,53.2333,-132
1960,24,2672,2344,0,327,0,2672,0,0,22,Skidegate Inlet,53.2333,-132
1961,34,2798,1629,0,1169,0,2798,0,0,22,Skidegate Inlet,53.2333,-132
1962,81,6207,5824,0,383,0,6207,0,0,22,Skidegate Inlet,53.2333,-132
1963,46,4021,2258,0,1763,0,4021,0,0,22,Skidegate Inlet,53.2333,-132
1964,34,2579,697,392,1491,0,2579,0,0,22,Skidegate Inlet,53.2333,-132
1965,55,4836,4064,111,660,0,4836,0,0,22,Skidegate Inlet,53.2333,-132
1966,39,3409,2720,199,490,0,3409,0,0,22,Skidegate Inlet,53.2333,-132
1967,11,58,0,58,0,0,58,0,0,22,Skidegate Inlet,53.2333,-132
1968,0,0,0,0,0,0,0,0,0,22,Skidegate Inlet,53.2333,-132
1969,0,0,0,0,0,0,0,0,0,22,Skidegate Inlet,53.2333,-132
1970,0,0,0,0,0,0,0,0,0,22,Skidegate Inlet,53.2333,-132
1971,33,344,0,344,0,0,344,0,0,22,Skidegate Inlet,53.2333,-132
1972,2,143,143,0,0,0,143,0,0,22,Skidegate Inlet,53.2333,-132
1973,28,349,60,290,0,0,349,0,0,22,Skidegate Inlet,53.2333,-132
1974,16,449,336,113,0,0,449,0,0,22,Skidegate Inlet,53.2333,-132
1975,1,136,136,0,0,0,0,0,136,22,Skidegate Inlet,53.2333,-132
1976,22,255,142,113,0,0,255,0,0,22,Skidegate Inlet,53.2333,-132
1977,14,197,110,87,0,19,178,0,0,22,Skidegate Inlet,53.2333,-132
1978,16,27,27,0,0,27,0,0,0,22,Skidegate Inlet,53.2333,-132
1979,21,204,71,134,0,0,204,0,0,22,Skidegate Inlet,53.2333,-132
1980,7,38,0,38,0,0,38,0,0,22,Skidegate Inlet,53.2333,-132
1981,16,77,10,67,0,10,67,0,0,22,Skidegate Inlet,53.2333,-132
1982,33,332,292,40,0,0,332,0,0,22,Skidegate Inlet,53.2333,-132
1983,1,51,51,0,0,0,51,0,0,22,Skidegate Inlet,53.2333,-132
1984,29,478,458,20,0,0,478,0,0,22,Skidegate Inlet,53.2333,-132
1985,34,84,70,14,0,0,84,0,0,22,Skidegate Inlet,53.2333,-132
1986,9,104,60,44,0,0,104,0,0,22,Skidegate Inlet,53.2333,-132
1987,10,48,0,48,0,0,48,0,0,22,Skidegate Inlet,53.2333,-132
1988,12,328,281,47,0,0,328,0,0,22,Skidegate Inlet,53.2333,-132
1989,0,0,0,0,0,0,0,0,0,22,Skidegate Inlet,53.2333,-132
1990,0,0,0,0,0,0,0,0,0,22,Skidegate Inlet,53.2333,-132
1991,0,0,0,0,0,0,0,0,0,22,Skidegate Inlet,53.2333,-132
1992,0,0,0,0,0,0,0,0,0,22,Skidegate Inlet,53.2333,-132
1993,2,2,0,2,0,0,2,0,0,22,Skidegate Inlet,53.2333,-132
1994,3,1,0,1,0,0,1,0,0,22,Skidegate Inlet,53.2333,-132
1995,0,0,0,0,0,0,0,0,0,22,Skidegate Inlet,53.2333,-132
1996,0,0,0,0,0,0,0,0,0,22,Skidegate Inlet,53.2333,-132
1997,0,0,0,0,0,0,0,0,0,22,Skidegate Inlet,53.2333,-132
1998,0,0,0,0,0,0,0,0,0,22,Skidegate Inlet,53.2333,-132
1999,0,0,0,0,0,0,0,0,0,22,Skidegate Inlet,53.2333,-132
2000,0,0,0,0,0,0,0,0,0,22,Skidegate Inlet,53.2333,-132
2001,0,0,0,0,0,0,0,0,0,22,Skidegate Inlet,53.2333,-132
2002,0,0,0,0,0,0,0,0,0,22,Skidegate Inlet,53.2333,-132
2003,0,0,0,0,0,0,0,0,0,22,Skidegate Inlet,53.2333,-132
2004,0,0,0,0,0,0,0,0,0,22,Skidegate Inlet,53.2333,-132
2005,0,0,0,0,0,0,0,0,0,22,Skidegate Inlet,53.2333,-132
2006,0,0,0,0,0,0,0,0,0,22,Skidegate Inlet,53.2333,-132
2007,0,0,0,0,0,0,0,0,0,22,Skidegate Inlet,53.2333,-132
2008,0,0,0,0,0,0,0,0,0,22,Skidegate Inlet,53.2333,-132
2009,0,0,0,0,0,0,0,0,0,22,Skidegate Inlet,53.2333,-132
2010,0,0,0,0,0,0,0,0,0,22,Skidegate Inlet,53.2333,-132
2011,0,0,0,0,0,0,0,0,0,22,Skidegate Inlet,53.2333,-132
2012,0,0,0,0,0,0,0,0,0,22,Skidegate Inlet,53.2333,-132
2013,0,0,0,0,0,0,0,0,0,22,Skidegate Inlet,53.2333,-132
2014,0,0,0,0,0,0,0,0,0,22,Skidegate Inlet,53.2333,-132
2015,0,0,0,0,0,0,0,0,0,22,Skidegate Inlet,53.2333,-132
1950,0,0,0,0,0,0,0,0,0,23,Cumshewa Inlet,53.05,-131.783
1951,0,0,0,0,0,0,0,0,0,23,Cumshewa Inlet,53.05,-131.783
1952,0,0,0,0,0,0,0,0,0,23,Cumshewa Inlet,53.05,-131.783
1953,0,0,0,0,0,0,0,0,0,23,Cumshewa Inlet,53.05,-131.783
1954,0,0,0,0,0,0,0,0,0,23,Cumshewa Inlet,53.05,-131.783
1955,0,0,0,0,0,0,0,0,0,23,Cumshewa Inlet,53.05,-131.783
1956,1,93,93,0,0,0,93,0,0,23,Cumshewa Inlet,53.05,-131.783
1957,0,0,0,0,0,0,0,0,0,23,Cumshewa Inlet,53.05,-131.783
1958,0,0,0,0,0,0,0,0,0,23,Cumshewa Inlet,53.05,-131.783
1959,0,0,0,0,0,0,0,0,0,23,Cumshewa Inlet,53.05,-131.783
1960,0,0,0,0,0,0,0,0,0,23,Cumshewa Inlet,53.05,-131.783
1961,0,0,0,0,0,0,0,0,0,23,Cumshewa Inlet,53.05,-131.783
1962,0,0,0,0,0,0,0,0,0,23,Cumshewa Inlet,53.05,-131.783
1963,0,0,0,0,0,0,0,0,0,23,Cumshewa Inlet,53.05,-131.783
1964,0,0,0,0,0,0,0,0,0,23,Cumshewa Inlet,53.05,-131.783
1965,0,0,0,0,0,0,0,0,0,23,Cumshewa Inlet,53.05,-131.783
1966,0,0,0,0,0,0,0,0,0,23,Cumshewa Inlet,53.05,-131.783
1967,0,0,0,0,0,0,0,0,0,23,Cumshewa Inlet,53.05,-131.783
1968,0,0,0,0,0,0,0,0,0,23,Cumshewa Inlet,53.05,-131.783
1969,0,0,0,0,0,0,0,0,0,23,Cumshewa Inlet,53.05,-131.783
1970,0,0,0,0,0,0,0,0,0,23,Cumshewa Inlet,53.05,-131.783
1971,3,102,102,0,0,0,102,0,0,23,Cumshewa Inlet,53.05,-131.783
1972,28,2129,2129,0,0,0,2129,0,0,23,Cumshewa Inlet,53.05,-131.783
1973,60,5219,5219,0,0,0,5219,0,0,23,Cumshewa Inlet,53.05,-131.783
1974,86,4041,4041,0,0,59,3982,0,0,23,Cumshewa Inlet,53.05,-131.783
1975,34,1703,1703,0,0,0,1703,0,0,23,Cumshewa Inlet,53.05,-131.783
1976,165,2207,1826,381,0,294,1913,0,0,23,Cumshewa Inlet,53.05,-131.783
1977,0,0,0,0,0,0,0,0,0,23,Cumshewa Inlet,53.05,-131.783
1978,0,0,0,0,0,0,0,0,0,23,Cumshewa Inlet,53.05,-131.783
1979,0,0,0,0,0,0,0,0,0,23,Cumshewa Inlet,53.05,-131.783
1980,0,0,0,0,0,0,0,0,0,23,Cumshewa Inlet,53.05,-131.783
1981,0,0,0,0,0,0,0,0,0,23,Cumshewa Inlet,53.05,-131.783
1982,0,0,0,0,0,0,0,0,0,23,Cumshewa Inlet,53.05,-131.783
1983,0,0,0,0,0,0,0,0,0,23,Cumshewa Inlet,53.05,-131.783
1984,0,0,0,0,0,0,0,0,0,23,Cumshewa Inlet,53.05,-131.783
1985,0,0,0,0,0,0,0,0,0,23,Cumshewa Inlet,53.05,-131.783
1986,0,0,0,0,0,0,0,0,0,23,Cumshewa Inlet,53.05,-131.783
1987,0,0,0,0,0,0,0,0,0,23,Cumshewa Inlet,53.05,-131.783
1988,0,0,0,0,0,0,0,0,0,23,Cumshewa Inlet,53.05,-131.783
1989,0,0,0,0,0,0,0,0,0,23,Cumshewa Inlet,53.05,-131.783
1990,0,0,0,0,0,0,0,0,0,23,Cumshewa Inlet,53.05,-131.783
1991,0,0,0,0,0,0,0,0,0,23,Cumshewa Inlet,53.05,-131.783
1992,0,0,0,0,0,0,0,0,0,23,Cumshewa Inlet,53.05,-131.783
1993,0,0,0,0,0,0,0,0,0,23,Cumshewa Inlet,53.05,-131.783
1994,0,0,0,0,0,0,0,0,0,23,Cumshewa Inlet,53.05,-131.783
1995,0,0,0,0,0,0,0,0,0,23,Cumshewa Inlet,53.05,-131.783
1996,0,0,0,0,0,0,0,0,0,23,Cumshewa Inlet,53.05,-131.783
1997,0,0,0,0,0,0,0,0,0,23,Cumshewa Inlet,53.05,-131.783
1998,0,0,0,0,0,0,0,0,0,23,Cumshewa Inlet,53.05,-131.783
1999,0,0,0,0,0,0,0,0,0,23,Cumshewa Inlet,53.05,-131.783
2000,0,0,0,0,0,0,0,0,0,23,Cumshewa Inlet,53.05,-131.783
2001,0,0,0,0,0,0,0,0,0,23,Cumshewa Inlet,53.05,-131.783
2002,0,0,0,0,0,0,0,0,0,23,Cumshewa Inlet,53.05,-131.783
2003,0,0,0,0,0,0,0,0,0,23,Cumshewa Inlet,53.05,-131.783
2004,0,0,0,0,0,0,0,0,0,23,Cumshewa Inlet,53.05,-131.783
2005,0,0,0,0,0,0,0,0,0,23,Cumshewa Inlet,53.05,-131.783
2006,0,0,0,0,0,0,0,0,0,23,Cumshewa Inlet,53.05,-131.783
2007,0,0,0,0,0,0,0,0,0,23,Cumshewa Inlet,53.05,-131.783
2008,0,0,0,0,0,0,0,0,0,23,Cumshewa Inlet,53.05,-131.783
2009,0,0,0,0,0,0,0,0,0,23,Cumshewa Inlet,53.05,-131.783
2010,0,0,0,0,0,0,0,0,0,23,Cumshewa Inlet,53.05,-131.783
2011,0,0,0,0,0,0,0,0,0,23,Cumshewa Inlet,53.05,-131.783
2012,0,0,0,0,0,0,0,0,0,23,Cumshewa Inlet,53.05,-131.783
2013,0,0,0,0,0,0,0,0,0,23,Cumshewa Inlet,53.05,-131.783
2014,0,0,0,0,0,0,0,0,0,23,Cumshewa Inlet,53.05,-131.783
2015,0,0,0,0,0,0,0,0,0,23,Cumshewa Inlet,53.05,-131.783
1950,0,0,0,0,0,0,0,0,0,24,Laskeek Bay,52.8167,-131.583
1951,0,0,0,0,0,0,0,0,0,24,Laskeek Bay,52.8167,-131.583
1952,17,2756,2756,0,0,0,2756,0,0,24,Laskeek Bay,52.8167,-131.583
1953,0,0,0,0,0,0,0,0,0,24,Laskeek Bay,52.8167,-131.583
1954,0,0,0,0,0,0,0,0,0,24,Laskeek Bay,52.8167,-131.583
1955,5,498,498,0,0,0,498,0,0,24,Laskeek Bay,52.8167,-131.583
1956,0,0,0,0,0,0,0,0,0,24,Laskeek Bay,52.8167,-131.583
1957,52,7402,6681,0,721,0,7402,0,0,24,Laskeek Bay,52.8167,-131.583
1958,101,10151,10151,0,0,0,10151,0,0,24,Laskeek Bay,52.8167,-131.583
1959,2,275,275,0,0,0,275,0,0,24,Laskeek Bay,52.8167,-131.583
1960,0,0,0,0,0,0,0,0,0,24,Laskeek Bay,52.8167,-131.583
1961,0,0,0,0,0,0,0,0,0,24,Laskeek Bay,52.8167,-131.583
1962,0,0,0,0,0,0,0,0,0,24,Laskeek Bay,52.8167,-131.583
1963,0,0,0,0,0,0,0,0,0,24,Laskeek Bay,52.8167,-131.583
1964,0,0,0,0,0,0,0,0,0,24,Laskeek Bay,52.8167,-131.583
1965,132,13391,13391,0,0,0,13391,0,0,24,Laskeek Bay,52.8167,-131.583
1966,7,697,697,0,0,0,697,0,0,24,Laskeek Bay,52.8167,-131.583
1967,0,0,0,0,0,0,0,0,0,24,Laskeek Bay,52.8167,-131.583
1968,2,80,80,0,0,0,80,0,0,24,Laskeek Bay,52.8167,-131.583
1969,0,0,0,0,0,0,0,0,0,24,Laskeek Bay,52.8167,-131.583
1970,0,0,0,0,0,0,0,0,0,24,Laskeek Bay,52.8167,-131.583
1971,0,0,0,0,0,0,0,0,0,24,Laskeek Bay,52.8167,-131.583
1972,0,0,0,0,0,0,0,0,0,24,Laskeek Bay,52.8167,-131.583
1973,0,0,0,0,0,0,0,0,0,24,Laskeek Bay,52.8167,-131.583
1974,0,0,0,0,0,0,0,0,0,24,Laskeek Bay,52.8167,-131.583
1975,0,0,0,0,0,0,0,0,0,24,Laskeek Bay,52.8167,-131.583
1976,4,14,0,14,0,0,14,0,0,24,Laskeek Bay,52.8167,-131.583
1977,0,0,0,0,0,0,0,0,0,24,Laskeek Bay,52.8167,-131.583
1978,6,50,0,0,50,0,50,0,0,24,Laskeek Bay,52.8167,-131.583
1979,0,0,0,0,0,0,0,0,0,24,Laskeek Bay,52.8167,-131.583
1980,0,0,0,0,0,0,0,0,0,24,Laskeek Bay,52.8167,-131.583
1981,130,1084,1045,38,0,154,929,0,0,24,Laskeek Bay,52.8167,-131.583
1982,27,599,599,0,0,0,599,0,0,24,Laskeek Bay,52.8167,-131.583
1983,16,67,0,67,0,0,67,0,0,24,Laskeek Bay,52.8167,-131.583
1984,0,0,0,0,0,0,0,0,0,24,Laskeek Bay,52.8167,-131.583
1985,0,0,0,0,0,0,0,0,0,24,Laskeek Bay,52.8167,-131.583
1986,10,87,87,0,0,87,0,0,0,24,Laskeek Bay,52.8167,-131.583
1987,0,0,0,0,0,0,0,0,0,24,Laskeek Bay,52.8167,-131.583
1988,0,0,0,0,0,0,0,0,0,24,Laskeek Bay,52.8167,-131.583
1989,0,0,0,0,0,0,0,0,0,24,Laskeek Bay,52.8167,-131.583
1990,0,0,0,0,0,0,0,0,0,24,Laskeek Bay,52.8167,-131.583
1991,0,0,0,0,0,0,0,0,0,24,Laskeek Bay,52.8167,-131.583
1992,0,0,0,0,0,0,0,0,0,24,Laskeek Bay,52.8167,-131.583
1993,0,0,0,0,0,0,0,0,0,24,Laskeek Bay,52.8167,-131.583
1994,6,299,299,0,0,0,299,0,0,24,Laskeek Bay,52.8167,-131.583
1995,0,0,0,0,0,0,0,0,0,24,Laskeek Bay,52.8167,-131.583
1996,0,0,0,0,0,0,0,0,0,24,Laskeek Bay,52.8167,-131.583
1997,0,0,0,0,0,0,0,0,0,24,Laskeek Bay,52.8167,-131.583
1998,0,0,0,0,0,0,0,0,0,24,Laskeek Bay,52.8167,-131.583
1999,0,0,0,0,0,0,0,0,0,24,Laskeek Bay,52.8167,-131.583
2000,0,0,0,0,0,0,0,0,0,24,Laskeek Bay,52.8167,-131.583
2001,0,0,0,0,0,0,0,0,0,24,Laskeek Bay,52.8167,-131.583
2002,0,0,0,0,0,0,0,0,0,24,Laskeek Bay,52.8167,-131.583
2003,0,0,0,0,0,0,0,0,0,24,Laskeek Bay,52.8167,-131.583
2004,0,0,0,0,0,0,0,0,0,24,Laskeek Bay,52.8167,-131.583
2005,0,0,0,0,0,0,0,0,0,24,Laskeek Bay,52.8167,-131.583
2006,0,0,0,0,0,0,0,0,0,24,Laskeek Bay,52.8167,-131.583
2007,0,0,0,0,0,0,0,0,0,24,Laskeek Bay,52.8167,-131.583
2008,0,0,0,0,0,0,0,0,0,24,Laskeek Bay,52.8167,-131.583
2009,0,0,0,0,0,0,0,0,0,24,Laskeek Bay,52.8167,-131.583
2010,0,0,0,0,0,0,0,0,0,24,Laskeek Bay,52.8167,-131.583
2011,0,0,0,0,0,0,0,0,0,24,Laskeek Bay,52.8167,-131.583
2012,0,0,0,0,0,0,0,0,0,24,Laskeek Bay,52.8167,-131.583
2013,0,0,0,0,0,0,0,0,0,24,Laskeek Bay,52.8167,-131.583
2014,0,0,0,0,0,0,0,0,0,24,Laskeek Bay,52.8167,-131.583
2015,0,0,0,0,0,0,0,0,0,24,Laskeek Bay,52.8167,-131.583
1950,0,0,0,0,0,0,0,0,0,25,Skincuttle Inlet,52.3333,-131.217
1951,0,0,0,0,0,0,0,0,0,25,Skincuttle Inlet,52.3333,-131.217
1952,0,0,0,0,0,0,0,0,0,25,Skincuttle Inlet,52.3333,-131.217
1953,0,0,0,0,0,0,0,0,0,25,Skincuttle Inlet,52.3333,-131.217
1954,0,0,0,0,0,0,0,0,0,25,Skincuttle Inlet,52.3333,-131.217
1955,0,0,0,0,0,0,0,0,0,25,Skincuttle Inlet,52.3333,-131.217
1956,20,3824,3824,0,0,0,3824,0,0,25,Skincuttle Inlet,52.3333,-131.217
1957,0,0,0,0,0,0,0,0,0,25,Skincuttle Inlet,52.3333,-131.217
1958,0,0,0,0,0,0,0,0,0,25,Skincuttle Inlet,52.3333,-131.217
1959,0,0,0,0,0,0,0,0,0,25,Skincuttle Inlet,52.3333,-131.217
1960,0,0,0,0,0,0,0,0,0,25,Skincuttle Inlet,52.3333,-131.217
1961,0,0,0,0,0,0,0,0,0,25,Skincuttle Inlet,52.3333,-131.217
1962,37,4477,4477,0,0,0,4477,0,0,25,Skincuttle Inlet,52.3333,-131.217
1963,145,14704,14704,0,0,0,14704,0,0,25,Skincuttle Inlet,52.3333,-131.217
1964,145,15387,15387,0,0,0,15387,0,0,25,Skincuttle Inlet,52.3333,-131.217
1965,187,18885,18885,0,0,0,18885,0,0,25,Skincuttle Inlet,52.3333,-131.217
1966,18,2049,2049,0,0,0,2049,0,0,25,Skincuttle Inlet,52.3333,-131.217
1967,2,161,161,0,0,0,161,0,0,25,Skincuttle Inlet,52.3333,-131.217
1968,0,0,0,0,0,0,0,0,0,25,Skincuttle Inlet,52.3333,-131.217
1969,0,0,0,0,0,0,0,0,0,25,Skincuttle Inlet,52.3333,-131.217
1970,0,0,0,0,0,0,0,0,0,25,Skincuttle Inlet,52.3333,-131.217
1971,0,0,0,0,0,0,0,0,0,25,Skincuttle Inlet,52.3333,-131.217
1972,15,1260,1260,0,0,0,1260,0,0,25,Skincuttle Inlet,52.3333,-131.217
1973,23,2230,2230,0,0,0,2230,0,0,25,Skincuttle Inlet,52.3333,-131.217
1974,52,2277,2277,0,0,68,2209,0,0,25,Skincuttle Inlet,52.3333,-131.217
1975,96,4349,4332,17,0,105,4245,0,0,25,Skincuttle Inlet,52.3333,-131.217
1976,455,9415,9415,0,0,1165,8250,0,0,25,Skincuttle Inlet,52.3333,-131.217
1977,547,9958,9958,0,0,1437,8520,0,0,25,Skincuttle Inlet,52.3333,-131.217
1978,796,9485,9485,0,0,2018,7467,0,0,25,Skincuttle Inlet,52.3333,-131.217
1979,1124,7876,7876,0,0,2060,5816,0,0,25,Skincuttle Inlet,52.3333,-131.217
1980,378,2227,2227,0,0,914,1313,0,0,25,Skincuttle Inlet,52.3333,-131.217
1981,636,4543,4543,0,0,1547,2996,0,0,25,Skincuttle Inlet,52.3333,-131.217
1982,444,1638,1621,18,0,1393,246,0,0,25,Skincuttle Inlet,52.3333,-131.217
1983,263,928,928,0,0,928,0,0,0,25,Skincuttle Inlet,52.3333,-131.217
1984,154,630,572,58,0,534,96,0,0,25,Skincuttle Inlet,52.3333,-131.217
1985,375,5997,5963,35,0,1492,4506,0,0,25,Skincuttle Inlet,52.3333,-131.217
1986,57,2540,2540,0,0,3,2537,0,0,25,Skincuttle Inlet,52.3333,-131.217
1987,11,33,0,33,0,0,33,0,0,25,Skincuttle Inlet,52.3333,-131.217
1988,6,32,0,32,0,0,32,0,0,25,Skincuttle Inlet,52.3333,-131.217
1989,0,0,0,0,0,0,0,0,0,25,Skincuttle Inlet,52.3333,-131.217
1990,18,361,361,0,0,77,285,0,0,25,Skincuttle Inlet,52.3333,-131.217
1991,3,50,50,0,0,50,0,0,0,25,Skincuttle Inlet,52.3333,-131.217
1992,1,63,63,0,0,0,63,0,0,25,Skincuttle Inlet,52.3333,-131.217
1993,54,2699,2699,0,0,0,2699,0,0,25,Skincuttle Inlet,52.3333,-131.217
1994,0,0,0,0,0,0,0,0,0,25,Skincuttle Inlet,52.3333,-131.217
1995,0,0,0,0,0,0,0,0,0,25,Skincuttle Inlet,52.3333,-131.217
1996,0,0,0,0,0,0,0,0,0,25,Skincuttle Inlet,52.3333,-131.217
1997,0,0,0,0,0,0,0,0,0,25,Skincuttle Inlet,52.3333,-131.217
1998,1,650,650,0,0,0,650,0,0,25,Skincuttle Inlet,52.3333,-131.217
1999,1,222,222,0,0,222,0,0,0,25,Skincuttle Inlet,52.3333,-131.217
2000,1,57,57,0,0,0,57,0,0,25,Skincuttle Inlet,52.3333,-131.217
2001,0,0,0,0,0,0,0,0,0,25,Skincuttle Inlet,52.3333,-131.217
2002,0,0,0,0,0,0,0,0,0,25,Skincuttle Inlet,52.3333,-131.217
2003,0,0,0,0,0,0,0,0,0,25,Skincuttle Inlet,52.3333,-131.217
2004,0,0,0,0,0,0,0,0,0,25,Skincuttle Inlet,52.3333,-131.217
2005,0,0,0,0,0,0,0,0,0,25,Skincuttle Inlet,52.3333,-131.217
2006,0,0,0,0,0,0,0,0,0,25,Skincuttle Inlet,52.3333,-131.217
2007,0,0,0,0,0,0,0,0,0,25,Skincuttle Inlet,52.3333,-131.217
2008,0,0,0,0,0,0,0,0,0,25,Skincuttle Inlet,52.3333,-131.217
2009,0,0,0,0,0,0,0,0,0,25,Skincuttle Inlet,52.3333,-131.217
2010,0,0,0,0,0,0,0,0,0,25,Skincuttle Inlet,52.3333,-131.217
2011,0,0,0,0,0,0,0,0,0,25,Skincuttle Inlet,52.3333,-131.217
2012,0,0,0,0,0,0,0,0,0,25,Skincuttle Inlet,52.3333,-131.217
2013,0,0,0,0,0,0,0,0,0,25,Skincuttle Inlet,52.3333,-131.217
2014,0,0,0,0,0,0,0,0,0,25,Skincuttle Inlet,52.3333,-131.217
2015,0,0,0,0,0,0,0,0,0,25,Skincuttle Inlet,52.3333,-131.217
1950,0,0,0,0,0,0,0,0,0,29,NA,NA,NA
1951,0,0,0,0,0,0,0,0,0,29,NA,NA,NA
1952,0,0,0,0,0,0,0,0,0,29,NA,NA,NA
1953,0,0,0,0,0,0,0,0,0,29,NA,NA,NA
1954,0,0,0,0,0,0,0,0,0,29,NA,NA,NA
1955,0,0,0,0,0,0,0,0,0,29,NA,NA,NA
1956,0,0,0,0,0,0,0,0,0,29,NA,NA,NA
1957,0,0,0,0,0,0,0,0,0,29,NA,NA,NA
1958,0,0,0,0,0,0,0,0,0,29,NA,NA,NA
1959,0,0,0,0,0,0,0,0,0,29,NA,NA,NA
1960,0,0,0,0,0,0,0,0,0,29,NA,NA,NA
1961,0,0,0,0,0,0,0,0,0,29,NA,NA,NA
1962,1,79,79,0,0,0,79,0,0,29,NA,NA,NA
1963,0,0,0,0,0,0,0,0,0,29,NA,NA,NA
1964,1,17,17,0,0,0,17,0,0,29,NA,NA,NA
1965,0,0,0,0,0,0,0,0,0,29,NA,NA,NA
1966,0,0,0,0,0,0,0,0,0,29,NA,NA,NA
1967,0,0,0,0,0,0,0,0,0,29,NA,NA,NA
1968,0,0,0,0,0,0,0,0,0,29,NA,NA,NA
1969,0,0,0,0,0,0,0,0,0,29,NA,NA,NA
1970,0,0,0,0,0,0,0,0,0,29,NA,NA,NA
1971,0,0,0,0,0,0,0,0,0,29,NA,NA,NA
1972,0,0,0,0,0,0,0,0,0,29,NA,NA,NA
1973,0,0,0,0,0,0,0,0,0,29,NA,NA,NA
1974,0,0,0,0,0,0,0,0,0,29,NA,NA,NA
1975,0,0,0,0,0,0,0,0,0,29,NA,NA,NA
1976,0,0,0,0,0,0,0,0,0,29,NA,NA,NA
1977,0,0,0,0,0,0,0,0,0,29,NA,NA,NA
1978,3,65,0,0,65,0,0,65,0,29,NA,NA,NA
1979,0,0,0,0,0,0,0,0,0,29,NA,NA,NA
1980,0,0,0,0,0,0,0,0,0,29,NA,NA,NA
1981,0,0,0,0,0,0,0,0,0,29,NA,NA,NA
1982,0,0,0,0,0,0,0,0,0,29,NA,NA,NA
1983,0,0,0,0,0,0,0,0,0,29,NA,NA,NA
1984,0,0,0,0,0,0,0,0,0,29,NA,NA,NA
1985,0,0,0,0,0,0,0,0,0,29,NA,NA,NA
1986,0,0,0,0,0,0,0,0,0,29,NA,NA,NA
1987,0,0,0,0,0,0,0,0,0,29,NA,NA,NA
1988,0,0,0,0,0,0,0,0,0,29,NA,NA,NA
1989,0,0,0,0,0,0,0,0,0,29,NA,NA,NA
1990,0,0,0,0,0,0,0,0,0,29,NA,NA,NA
1991,0,0,0,0,0,0,0,0,0,29,NA,NA,NA
1992,0,0,0,0,0,0,0,0,0,29,NA,NA,NA
1993,0,0,0,0,0,0,0,0,0,29,NA,NA,NA
1994,0,0,0,0,0,0,0,0,0,29,NA,NA,NA
1995,0,0,0,0,0,0,0,0,0,29,NA,NA,NA
1996,0,0,0,0,0,0,0,0,0,29,NA,NA,NA
1997,0,0,0,0,0,0,0,0,0,29,NA,NA,NA
1998,0,0,0,0,0,0,0,0,0,29,NA,NA,NA
1999,0,0,0,0,0,0,0,0,0,29,NA,NA,NA
2000,0,0,0,0,0,0,0,0,0,29,NA,NA,NA
2001,0,0,0,0,0,0,0,0,0,29,NA,NA,NA
2002,0,0,0,0,0,0,0,0,0,29,NA,NA,NA
2003,0,0,0,0,0,0,0,0,0,29,NA,NA,NA
2004,0,0,0,0,0,0,0,0,0,29,NA,NA,NA
2005,0,0,0,0,0,0,0,0,0,29,NA,NA,NA
2006,0,0,0,0,0,0,0,0,0,29,NA,NA,NA
2007,0,0,0,0,0,0,0,0,0,29,NA,NA,NA
2008,0,0,0,0,0,0,0,0,0,29,NA,NA,NA
2009,0,0,0,0,0,0,0,0,0,29,NA,NA,NA
2010,0,0,0,0,0,0,0,0,0,29,NA,NA,NA
2011,0,0,0,0,0,0,0,0,0,29,NA,NA,NA
2012,0,0,0,0,0,0,0,0,0,29,NA,NA,NA
2013,0,0,0,0,0,0,0,0,0,29,NA,NA,NA
2014,0,0,0,0,0,0,0,0,0,29,NA,NA,NA
2015,0,0,0,0,0,0,0,0,0,29,NA,NA,NA
1950,0,0,0,0,0,0,0,0,0,19,NA,NA,NA
1951,0,0,0,0,0,0,0,0,0,19,NA,NA,NA
1952,0,0,0,0,0,0,0,0,0,19,NA,NA,NA
1953,0,0,0,0,0,0,0,0,0,19,NA,NA,NA
1954,0,0,0,0,0,0,0,0,0,19,NA,NA,NA
1955,0,0,0,0,0,0,0,0,0,19,NA,NA,NA
1956,0,0,0,0,0,0,0,0,0,19,NA,NA,NA
1957,0,0,0,0,0,0,0,0,0,19,NA,NA,NA
1958,0,0,0,0,0,0,0,0,0,19,NA,NA,NA
1959,0,0,0,0,0,0,0,0,0,19,NA,NA,NA
1960,0,0,0,0,0,0,0,0,0,19,NA,NA,NA
1961,0,0,0,0,0,0,0,0,0,19,NA,NA,NA
1962,0,0,0,0,0,0,0,0,0,19,NA,NA,NA
1963,0,0,0,0,0,0,0,0,0,19,NA,NA,NA
1964,0,0,0,0,0,0,0,0,0,19,NA,NA,NA
1965,0,0,0,0,0,0,0,0,0,19,NA,NA,NA
1966,0,0,0,0,0,0,0,0,0,19,NA,NA,NA
1967,0,0,0,0,0,0,0,0,0,19,NA,NA,NA
1968,0,0,0,0,0,0,0,0,0,19,NA,NA,NA
1969,0,0,0,0,0,0,0,0,0,19,NA,NA,NA
1970,0,0,0,0,0,0,0,0,0,19,NA,NA,NA
1971,0,0,0,0,0,0,0,0,0,19,NA,NA,NA
1972,0,0,0,0,0,0,0,0,0,19,NA,NA,NA
1973,0,0,0,0,0,0,0,0,0,19,NA,NA,NA
1974,0,0,0,0,0,0,0,0,0,19,NA,NA,NA
1975,0,0,0,0,0,0,0,0,0,19,NA,NA,NA
1976,0,0,0,0,0,0,0,0,0,19,NA,NA,NA
1977,0,0,0,0,0,0,0,0,0,19,NA,NA,NA
1978,0,0,0,0,0,0,0,0,0,19,NA,NA,NA
1979,0,0,0,0,0,0,0,0,0,19,NA,NA,NA
1980,0,0,0,0,0,0,0,0,0,19,NA,NA,NA
1981,0,0,0,0,0,0,0,0,0,19,NA,NA,NA
1982,0,0,0,0,0,0,0,0,0,19,NA,NA,NA
1983,0,0,0,0,0,0,0,0,0,19,NA,NA,NA
1984,0,0,0,0,0,0,0,0,0,19,NA,NA,NA
1985,2,83,0,0,83,0,83,0,0,19,NA,NA,NA
1986,2,63,63,0,0,0,63,0,0,19,NA,NA,NA
1987,0,0,0,0,0,0,0,0,0,19,NA,NA,NA
1988,0,0,0,0,0,0,0,0,0,19,NA,NA,NA
1989,0,0,0,0,0,0,0,0,0,19,NA,NA,NA
1990,0,0,0,0,0,0,0,0,0,19,NA,NA,NA
1991,0,0,0,0,0,0,0,0,0,19,NA,NA,NA
1992,0,0,0,0,0,0,0,0,0,19,NA,NA,NA
1993,0,0,0,0,0,0,0,0,0,19,NA,NA,NA
1994,0,0,0,0,0,0,0,0,0,19,NA,NA,NA
1995,0,0,0,0,0,0,0,0,0,19,NA,NA,NA
1996,0,0,0,0,0,0,0,0,0,19,NA,NA,NA
1997,0,0,0,0,0,0,0,0,0,19,NA,NA,NA
1998,0,0,0,0,0,0,0,0,0,19,NA,NA,NA
1999,0,0,0,0,0,0,0,0,0,19,NA,NA,NA
2000,0,0,0,0,0,0,0,0,0,19,NA,NA,NA
2001,0,0,0,0,0,0,0,0,0,19,NA,NA,NA
2002,0,0,0,0,0,0,0,0,0,19,NA,NA,NA
2003,0,0,0,0,0,0,0,0,0,19,NA,NA,NA
2004,0,0,0,0,0,0,0,0,0,19,NA,NA,NA
2005,0,0,0,0,0,0,0,0,0,19,NA,NA,NA
2006,0,0,0,0,0,0,0,0,0,19,NA,NA,NA
2007,0,0,0,0,0,0,0,0,0,19,NA,NA,NA
2008,0,0,0,0,0,0,0,0,0,19,NA,NA,NA
2009,0,0,0,0,0,0,0,0,0,19,NA,NA,NA
2010,0,0,0,0,0,0,0,0,0,19,NA,NA,NA
2011,0,0,0,0,0,0,0,0,0,19,NA,NA,NA
2012,0,0,0,0,0,0,0,0,0,19,NA,NA,NA
2013,0,0,0,0,0,0,0,0,0,19,NA,NA,NA
2014,0,0,0,0,0,0,0,0,0,19,NA,NA,NA
2015,0,0,0,0,0,0,0,0,0,19,NA,NA,NA
1950,NA,NA,NA,NA,NA,NA,NA,NA,NA,4,Cartwright Sound,53.13,-132.4
1951,NA,NA,NA,NA,NA,NA,NA,NA,NA,4,Cartwright Sound,53.13,-132.4
1952,NA,NA,NA,NA,NA,NA,NA,NA,NA,4,Cartwright Sound,53.13,-132.4
1953,NA,NA,NA,NA,NA,NA,NA,NA,NA,4,Cartwright Sound,53.13,-132.4
1954,NA,NA,NA,NA,NA,NA,NA,NA,NA,4,Cartwright Sound,53.13,-132.4
1955,NA,NA,NA,NA,NA,NA,NA,NA,NA,4,Cartwright Sound,53.13,-132.4
1956,NA,NA,NA,NA,NA,NA,NA,NA,NA,4,Cartwright Sound,53.13,-132.4
1957,NA,NA,NA,NA,NA,NA,NA,NA,NA,4,Cartwright Sound,53.13,-132.4
1958,NA,NA,NA,NA,NA,NA,NA,NA,NA,4,Cartwright Sound,53.13,-132.4
1959,NA,NA,NA,NA,NA,NA,NA,NA,NA,4,Cartwright Sound,53.13,-132.4
1960,NA,NA,NA,NA,NA,NA,NA,NA,NA,4,Cartwright Sound,53.13,-132.4
1961,NA,NA,NA,NA,NA,NA,NA,NA,NA,4,Cartwright Sound,53.13,-132.4
1962,NA,NA,NA,NA,NA,NA,NA,NA,NA,4,Cartwright Sound,53.13,-132.4
1963,NA,NA,NA,NA,NA,NA,NA,NA,NA,4,Cartwright Sound,53.13,-132.4
1964,NA,NA,NA,NA,NA,NA,NA,NA,NA,4,Cartwright Sound,53.13,-132.4
1965,NA,NA,NA,NA,NA,NA,NA,NA,NA,4,Cartwright Sound,53.13,-132.4
1966,NA,NA,NA,NA,NA,NA,NA,NA,NA,4,Cartwright Sound,53.13,-132.4
1967,NA,NA,NA,NA,NA,NA,NA,NA,NA,4,Cartwright Sound,53.13,-132.4
1968,NA,NA,NA,NA,NA,NA,NA,NA,NA,4,Cartwright Sound,53.13,-132.4
1969,NA,NA,NA,NA,NA,NA,NA,NA,NA,4,Cartwright Sound,53.13,-132.4
1970,NA,NA,NA,NA,NA,NA,NA,NA,NA,4,Cartwright Sound,53.13,-132.4
1971,NA,NA,NA,NA,NA,NA,NA,NA,NA,4,Cartwright Sound,53.13,-132.4
1972,NA,NA,NA,NA,NA,NA,NA,NA,NA,4,Cartwright Sound,53.13,-132.4
1973,NA,NA,NA,NA,NA,NA,NA,NA,NA,4,Cartwright Sound,53.13,-132.4
1974,NA,NA,NA,NA,NA,NA,NA,NA,NA,4,Cartwright Sound,53.13,-132.4
1975,NA,NA,NA,NA,NA,NA,NA,NA,NA,4,Cartwright Sound,53.13,-132.4
1976,NA,NA,NA,NA,NA,NA,NA,NA,NA,4,Cartwright Sound,53.13,-132.4
1977,NA,NA,NA,NA,NA,NA,NA,NA,NA,4,Cartwright Sound,53.13,-132.4
1978,NA,NA,NA,NA,NA,NA,NA,NA,NA,4,Cartwright Sound,53.13,-132.4
1979,NA,NA,NA,NA,NA,NA,NA,NA,NA,4,Cartwright Sound,53.13,-132.4
1980,NA,NA,NA,NA,NA,NA,NA,NA,NA,4,Cartwright Sound,53.13,-132.4
1981,NA,NA,NA,NA,NA,NA,NA,NA,NA,4,Cartwright Sound,53.13,-132.4
1982,NA,NA,NA,NA,NA,NA,NA,NA,NA,4,Cartwright Sound,53.13,-132.4
1983,NA,NA,NA,NA,NA,NA,NA,NA,NA,4,Cartwright Sound,53.13,-132.4
1984,NA,NA,NA,NA,NA,NA,NA,NA,NA,4,Cartwright Sound,53.13,-132.4
1985,NA,NA,NA,NA,NA,NA,NA,NA,NA,4,Cartwright Sound,53.13,-132.4
1986,NA,NA,NA,NA,NA,NA,NA,NA,NA,4,Cartwright Sound,53.13,-132.4
1987,NA,NA,NA,NA,NA,NA,NA,NA,NA,4,Cartwright Sound,53.13,-132.4
1988,NA,NA,NA,NA,NA,NA,NA,NA,NA,4,Cartwright Sound,53.13,-132.4
1989,NA,NA,NA,NA,NA,NA,NA,NA,NA,4,Cartwright Sound,53.13,-132.4
1990,NA,NA,NA,NA,NA,NA,NA,NA,NA,4,Cartwright Sound,53.13,-132.4
1991,NA,NA,NA,NA,NA,NA,NA,NA,NA,4,Cartwright Sound,53.13,-132.4
1992,NA,NA,NA,NA,NA,NA,NA,NA,NA,4,Cartwright Sound,53.13,-132.4
1993,NA,NA,NA,NA,NA,NA,NA,NA,NA,4,Cartwright Sound,53.13,-132.4
1994,NA,NA,NA,NA,NA,NA,NA,NA,NA,4,Cartwright Sound,53.13,-132.4
1995,NA,NA,NA,NA,NA,NA,NA,NA,NA,4,Cartwright Sound,53.13,-132.4
1996,NA,NA,NA,NA,NA,NA,NA,NA,NA,4,Cartwright Sound,53.13,-132.4
1997,NA,NA,NA,NA,NA,NA,NA,NA,NA,4,Cartwright Sound,53.13,-132.4
1998,NA,NA,NA,NA,NA,NA,NA,NA,NA,4,Cartwright Sound,53.13,-132.4
1999,NA,NA,NA,NA,NA,NA,NA,NA,NA,4,Cartwright Sound,53.13,-132.4
2000,NA,NA,NA,NA,NA,NA,NA,NA,NA,4,Cartwright Sound,53.13,-132.4
2001,NA,NA,NA,NA,NA,NA,NA,NA,NA,4,Cartwright Sound,53.13,-132.4
2002,NA,NA,NA,NA,NA,NA,NA,NA,NA,4,Cartwright Sound,53.13,-132.4
2003,NA,NA,NA,NA,NA,NA,NA,NA,NA,4,Cartwright Sound,53.13,-132.4
2004,NA,NA,NA,NA,NA,NA,NA,NA,NA,4,Cartwright Sound,53.13,-132.4
2005,NA,NA,NA,NA,NA,NA,NA,NA,NA,4,Cartwright Sound,53.13,-132.4
2006,NA,NA,NA,NA,NA,NA,NA,NA,NA,4,Cartwright Sound,53.13,-132.4
2007,NA,NA,NA,NA,NA,NA,NA,NA,NA,4,Cartwright Sound,53.13,-132.4
2008,NA,NA,NA,NA,NA,NA,NA,NA,NA,4,Cartwright Sound,53.13,-132.4
2009,NA,NA,NA,NA,NA,NA,NA,NA,NA,4,Cartwright Sound,53.13,-132.4
2010,NA,NA,NA,NA,NA,NA,NA,NA,NA,4,Cartwright Sound,53.13,-132.4
2011,NA,NA,NA,NA,NA,NA,NA,NA,NA,4,Cartwright Sound,53.13,-132.4
2012,NA,NA,NA,NA,NA,NA,NA,NA,NA,4,Cartwright Sound,53.13,-132.4
2013,NA,NA,NA,NA,NA,NA,NA,NA,NA,4,Cartwright Sound,53.13,-132.4
2014,NA,NA,NA,NA,NA,NA,NA,NA,NA,4,Cartwright Sound,53.13,-132.4
2015,NA,NA,NA,NA,NA,NA,NA,NA,NA,4,Cartwright Sound,53.13,-132.4